turn_data,turn_number,board_number,wall_count,max_step,player_pos,adversary_pos,board_utility,time_taken,chosen_action
23_AB_Dpth_2_Brth_1000_dpFalse_vs_p2,23,"1001 1110 1001 1010 1110 1111 1001 1110 
0001 1000 0100 1011 1110 1011 0010 1100 
0101 0111 0011 1100 1001 1010 1100 0101 
0001 1100 1101 0011 0110 1111 0011 0100 
0101 0101 0101 1011 1010 1000 1000 0100 
0101 0111 0011 1100 1011 0100 0101 0101 
0101 1001 1010 0110 1111 0001 0000 0100 
0011 0010 1110 1011 1010 0110 0011 0110 

",34,4,"(1, 5)","(1, 2)",-0.2631394533987386,0.3952198028564453,"((2, 7), 0)"
