turn_data,turn_number,board_number,wall_count,max_step,player_pos,adversary_pos,board_utility,time_taken,chosen_action
9_AB_Dpth_1_Brth_600_dpFalse_vs_p2,9,"1001 1000 1010 1000 1100 1011 1100 
0001 0010 1000 0000 0010 1000 0100 
0001 1000 0000 0010 1110 0001 0100 
0101 0111 0111 1011 1000 0010 0100 
0001 1010 1010 1010 0000 1100 0101 
0001 1000 1000 1000 0000 0000 0100 
0011 0110 0011 0010 0010 0010 0110 

",14,4,"(3, 5)","(4, 3)",-0.1482836240855374,0.3187892436981201,"((4, 4), 1)"
