turn_data,turn_number,board_number,wall_count,max_step,player_pos,adversary_pos,board_utility,time_taken,chosen_action
11_AB_Dpth_1_Brth_400_dpFalse_vs_p2,11,"1001 1000 1010 1000 1100 1011 1100 
0001 0010 1000 0000 0010 1000 0100 
0001 1000 0000 0010 1110 0101 0101 
0101 0111 0111 1011 1000 0010 0100 
0101 1011 1010 1010 0100 1101 0101 
0001 1000 1010 1000 0000 0000 0100 
0011 0110 1011 0010 0010 0010 0110 

",17,4,"(2, 5)","(5, 2)",0.008165225744476465,28.06433415412903,"((3, 4), 3)"
