turn_data,turn_number,board_number,wall_count,max_step,player_pos,adversary_pos,board_utility,time_taken,chosen_action
14_AB_Dpth_4_Brth_800_dpFalse_vs_p2,14,"1001 1000 1000 1010 1100 1001 1000 1100 
0001 0000 0010 1010 0010 0000 0000 0100 
0101 0011 1100 1001 1100 0011 0000 0100 
0101 1001 0100 0101 0011 1000 0110 0101 
0001 0100 0011 0100 1111 0101 1011 0100 
0001 0100 1011 0010 1110 0101 1001 0100 
0001 0000 1000 1010 1010 0100 0001 0100 
0011 0010 0110 1011 1010 0010 0010 0110 

",25,4,"(3, 1)","(4, 5)",-0.20760233918128654,0.49300527572631836,"((4, 0), 2)"
