turn_data,turn_number,board_number,wall_count,max_step,player_pos,adversary_pos,board_utility,time_taken,chosen_action
19_AB_Dpth_2_Brth_900_dpFalse_vs_p2,19,"1001 1000 1000 1000 1000 1000 1000 1000 1000 1000 1100 
0001 0000 0000 0000 0000 0000 0000 0000 0000 0000 0100 
0001 0000 0000 0010 0000 0010 0010 0000 0000 0010 0100 
0001 0000 0000 1000 0000 1000 1010 0000 0000 1010 0100 
0011 0010 0100 0111 0011 0010 1110 0111 0111 1001 0100 
1001 1000 0110 1011 1000 1010 1010 1110 1011 0100 0101 
0001 0110 1001 1010 0010 1000 1100 1011 1000 0000 0100 
0011 1010 0010 1000 1010 0110 0001 1010 0100 0001 0100 
1001 1000 1110 0001 1000 1000 0000 1000 0000 0000 0100 
0001 0000 1000 0000 0000 0000 0000 0000 0000 0000 0100 
0011 0010 0010 0010 0010 0010 0010 0010 0010 0010 0110 

",24,6,"(6, 8)","(7, 0)",-0.22932849991368892,57.53994393348694,"((8, 6), 1)"
