turn_data,turn_number,board_number,wall_count,max_step,player_pos,adversary_pos,board_utility,time_taken,chosen_action
6_AB_Dpth_1_Brth_500_dpFalse_vs_p2,6,"1001 1000 1000 1000 1100 1001 1000 1100 
0001 0000 0010 0010 0010 0000 0000 0100 
0001 0010 1100 1001 1100 0011 0000 0100 
0001 1000 0100 0101 0011 1000 0000 0100 
0001 0000 0000 0100 1101 0001 0010 0100 
0001 0000 0000 0000 0100 0001 1000 0100 
0001 0000 0000 0000 0000 0000 0000 0100 
0011 0010 0110 0011 0010 0010 0010 0110 

",17,4,"(2, 4)","(2, 5)",-0.04748603351955307,0.17949795722961426,"((3, 6), 2)"
